{
  "best_model_label": "HistGradientBoosting",
  "test_metrics": {
    "f1": {
      "0.9363333333333334": 0.8982418753329782
    },
    "roc_auc": {
      "0.9363333333333334": 0.9746823421867858
    },
    "model": {
      "0.9363333333333334": "HistGradientBoosting"
    }
  },
  "search_summary": {
    "best_params": {
      "learning_rate": 0.1,
      "max_depth": null,
      "max_leaf_nodes": 63
    },
    "best_cv_roc_auc": 0.9719880531240899
  },
  "random_state": 42
}